,SAMPLE_001,SAMPLE_002,SAMPLE_003,SAMPLE_004,SAMPLE_005,SAMPLE_006
SNP_rs1001,-0.9128709291752769,0.9128709291752769,-0.9128709291752769,0.9128709291752769,-0.9128709291752769,0.9128709291752769
SNP_rs1002,0.6454972243679028,0.6454972243679028,-1.2909944487358054,-1.2909944487358054,0.6454972243679028,0.6454972243679028
SNP_rs1003,-0.6454972243679027,-0.6454972243679027,1.2909944487358056,1.2909944487358056,-0.6454972243679027,-0.6454972243679027
SNP_rs1004,0.9128709291752769,-0.9128709291752769,0.9128709291752769,-0.9128709291752769,0.9128709291752769,-0.9128709291752769
SNP_rs1005,-1.2909944487358054,0.6454972243679028,0.6454972243679028,0.6454972243679028,-1.2909944487358054,0.6454972243679028
GENE_BRCA1,-0.8904382398008726,1.2084518968726132,-1.0812464340439167,0.6360273141434807,-0.6996300455578284,0.8268355083865249
GENE_TP53,-0.8030594365292809,0.9815170890913433,-1.2492035679344369,0.8030594365292809,-0.6246017839672184,0.892288262810312
GENE_EGFR,-0.8111071056538127,1.1355499479153377,-1.4599927901768628,0.48666426339228763,-0.16222142113076254,0.8111071056538127
GENE_MYC,-0.8890008890013336,1.1430011430017146,-1.1430011430017146,0.6350006350009525,-0.6350006350009525,0.8890008890013336
